kp_dis,kp_chg,fuel,dev
0.5,0.01,34.62143908966121,38.2169748652047
0.5,1.0621052631578947,33.94907261485728,34.60019935789234
0.5,2.114210526315789,33.56613682150061,32.49769720578319
0.5,3.1663157894736838,33.220241696558354,30.364687300498368
0.5,4.218421052631578,32.950041149004875,28.70180429758636
0.5,5.270526315789473,32.75293022236677,27.487488494475738
0.5,6.322631578947368,32.63480344960727,26.633688756804546
0.5,7.374736842105262,32.52067113015851,25.767856138104513
0.5,8.426842105263157,32.413682538970015,24.99388116453823
0.5,9.478947368421052,32.344044079775706,24.457034645161617
0.5,10.531052631578946,32.283109445650325,23.934801895794262
0.5,11.583157894736841,32.25494044193938,23.64986056579262
0.5,12.635263157894736,32.2031827310464,23.20358134559916
0.5,13.68736842105263,32.16825834630128,22.850720730845914
0.5,14.739473684210525,32.14256139010374,22.66306719584495
0.5,15.79157894736842,32.124468097550356,22.50244559172911
0.5,16.843684210526316,32.09778630161961,22.32947642396374
0.5,17.89578947368421,32.09328203655177,22.30354410062822
0.5,18.947894736842105,32.075816745213686,22.210013299984738
0.5,20.0,32.06719509494438,22.160605242143333
2.052631578947368,0.01,29.588362040328676,14.654596427159412
2.052631578947368,1.0621052631578947,29.637295231336765,14.526389889620061
2.052631578947368,2.114210526315789,29.65778478054383,14.484234375846366
2.052631578947368,3.1663157894736838,29.676738439508856,14.449287051707731
2.052631578947368,4.218421052631578,29.699770354027834,14.405382230944392
2.052631578947368,5.270526315789473,29.738411609106787,14.316628118115238
2.052631578947368,6.322631578947368,29.778373684229603,14.301360673386249
2.052631578947368,7.374736842105262,29.806923436991728,14.271140695070738
2.052631578947368,8.426842105263157,29.84306372782562,14.26298748721152
2.052631578947368,9.478947368421052,29.887425090690627,14.260125866407375
2.052631578947368,10.531052631578946,29.923880015315127,14.237405181424133
2.052631578947368,11.583157894736841,29.954257516414145,14.185043138175757
2.052631578947368,12.635263157894736,29.969167697969638,14.089899088316148
2.052631578947368,13.68736842105263,29.9823335005905,14.02386021330974
2.052631578947368,14.739473684210525,29.992215323866027,13.990755167928343
2.052631578947368,15.79157894736842,29.996782017369956,13.943484457833966
2.052631578947368,16.843684210526316,30.00710337820628,13.911449798444464
2.052631578947368,17.89578947368421,30.014453330651357,13.853816646521617
2.052631578947368,18.947894736842105,30.02085222775122,13.779884603216846
2.052631578947368,20.0,30.039030377470805,13.744574136594496
3.6052631578947367,0.01,28.35514721152984,8.689534253846547
3.6052631578947367,1.0621052631578947,28.401511685365833,8.610473331713415
3.6052631578947367,2.114210526315789,28.422238746162062,8.60347425243489
3.6052631578947367,3.1663157894736838,28.432977779609338,8.568717329387926
3.6052631578947367,4.218421052631578,28.441665039900226,8.556044487740666
3.6052631578947367,5.270526315789473,28.45225887195438,8.537780310531362
3.6052631578947367,6.322631578947368,28.467655744807967,8.522825661460082
3.6052631578947367,7.374736842105262,28.495385601621454,8.493081823742015
3.6052631578947367,8.426842105263157,28.52465964964877,8.428767944564747
3.6052631578947367,9.478947368421052,28.560734012749577,8.418324331513888
3.6052631578947367,10.531052631578946,28.59414587673917,8.41203290940617
3.6052631578947367,11.583157894736841,28.627640083594255,8.413326346123279
3.6052631578947367,12.635263157894736,28.656671224865637,8.407307613674375
3.6052631578947367,13.68736842105263,28.68309904704647,8.40934204241579
3.6052631578947367,14.739473684210525,28.700877040288347,8.4060290815199
3.6052631578947367,15.79157894736842,28.720829911004795,8.405668018989342
3.6052631578947367,16.843684210526316,28.741505557392994,8.404802150246837
3.6052631578947367,17.89578947368421,28.759835990742793,8.406453999570923
3.6052631578947367,18.947894736842105,28.77747183769254,8.40746306323804
3.6052631578947367,20.0,28.79050725381491,8.406226987691051
5.157894736842105,0.01,27.875925048484447,6.334163317171742
5.157894736842105,1.0621052631578947,27.91439300282294,6.245750807499056
5.157894736842105,2.114210526315789,27.926237990124683,6.220147251367053
5.157894736842105,3.1663157894736838,27.937403299708567,6.204698507174017
5.157894736842105,4.218421052631578,27.945301414106318,6.190945266321202
5.157894736842105,5.270526315789473,27.952266883901167,6.181504009115879
5.157894736842105,6.322631578947368,27.959712357279297,6.179305524822265
5.157894736842105,7.374736842105262,27.96899491149277,6.169261465574594
5.157894736842105,8.426842105263157,27.97893304732473,6.160048231626892
5.157894736842105,9.478947368421052,27.998094966591253,6.150171412369831
5.157894736842105,10.531052631578946,28.017899643240206,6.095277324018117
5.157894736842105,11.583157894736841,28.05977762923413,6.075959355003779
5.157894736842105,12.635263157894736,28.087275758575476,6.0594721860868175
5.157894736842105,13.68736842105263,28.110224615915,6.049280646298715
5.157894736842105,14.739473684210525,28.14218445940919,6.045390767097031
5.157894736842105,15.79157894736842,28.168480521559136,6.042351784089817
5.157894736842105,16.843684210526316,28.18522612061145,6.033960159753077
5.157894736842105,17.89578947368421,28.205307007932866,6.034230857873446
5.157894736842105,18.947894736842105,28.218482289634395,6.033834497751123
5.157894736842105,20.0,28.232028915766595,6.036028802277615
6.7105263157894735,0.01,27.618539297434825,5.044921883497477
6.7105263157894735,1.0621052631578947,27.654476077483455,4.962926170548975
6.7105263157894735,2.114210526315789,27.664831630230005,4.950795217933646
6.7105263157894735,3.1663157894736838,27.676165073079197,4.939045217852772
6.7105263157894735,4.218421052631578,27.681350238575313,4.912967278252589
6.7105263157894735,5.270526315789473,27.688731181466373,4.90423013473536
6.7105263157894735,6.322631578947368,27.69623532116666,4.901803621047712
6.7105263157894735,7.374736842105262,27.702467433396823,4.899110186358518
6.7105263157894735,8.426842105263157,27.710058114320894,4.898285353590381
6.7105263157894735,9.478947368421052,27.71692855704226,4.893587990871073
6.7105263157894735,10.531052631578946,27.727658747986737,4.885463661154432
6.7105263157894735,11.583157894736841,27.742254651882718,4.8728724935980905
6.7105263157894735,12.635263157894736,27.758942658826587,4.849945581029324
6.7105263157894735,13.68736842105263,27.781058691063915,4.820689966561803
6.7105263157894735,14.739473684210525,27.813021544810155,4.793450042191632
6.7105263157894735,15.79157894736842,27.839675126113463,4.790868260312386
6.7105263157894735,16.843684210526316,27.861548188895515,4.789238757811903
6.7105263157894735,17.89578947368421,27.88575747657881,4.784954608485331
6.7105263157894735,18.947894736842105,27.904549328125924,4.779104551550101
6.7105263157894735,20.0,27.92222169361258,4.77554619470294
8.263157894736842,0.01,27.460868341119383,4.229612834502755
8.263157894736842,1.0621052631578947,27.498370695835032,4.168638521280476
8.263157894736842,2.114210526315789,27.50552669794807,4.15764436069192
8.263157894736842,3.1663157894736838,27.51667851825606,4.154606291988583
8.263157894736842,4.218421052631578,27.525262156232376,4.147485623275288
8.263157894736842,5.270526315789473,27.532089245173104,4.133723997282096
8.263157894736842,6.322631578947368,27.539250353315754,4.127198743879839
8.263157894736842,7.374736842105262,27.54579895848887,4.125002586367393
8.263157894736842,8.426842105263157,27.551115819602096,4.121943213362034
8.263157894736842,9.478947368421052,27.556055204116554,4.119572089686841
8.263157894736842,10.531052631578946,27.56139089476286,4.118396460693136
8.263157894736842,11.583157894736841,27.569746377567807,4.115834341591718
8.263157894736842,12.635263157894736,27.578387733757474,4.107567887778046
8.263157894736842,13.68736842105263,27.590622856477943,4.096300365525762
8.263157894736842,14.739473684210525,27.604690612826705,4.082427024097224
8.263157894736842,15.79157894736842,27.61738225362299,4.041694253978717
8.263157894736842,16.843684210526316,27.636501289370564,4.0097967057129145
8.263157894736842,17.89578947368421,27.670332911521424,4.003421993815426
8.263157894736842,18.947894736842105,27.691960135241175,4.003711335337506
8.263157894736842,20.0,27.712333727040793,3.9983984665455163
9.81578947368421,0.01,27.358930748608014,3.674323847846467
9.81578947368421,1.0621052631578947,27.39395196135587,3.6156298243051497
9.81578947368421,2.114210526315789,27.400394908296377,3.610592875926677
9.81578947368421,3.1663157894736838,27.410901993135937,3.6073537172999104
9.81578947368421,4.218421052631578,27.417375200522958,3.6036818447150787
9.81578947368421,5.270526315789473,27.422795113010004,3.60036672675752
9.81578947368421,6.322631578947368,27.429554588212824,3.5905778906760224
9.81578947368421,7.374736842105262,27.434545796178995,3.5865815199836613
9.81578947368421,8.426842105263157,27.440616884480768,3.588675993460866
9.81578947368421,9.478947368421052,27.44559259187635,3.5874649824347182
9.81578947368421,10.531052631578946,27.44897649562894,3.579141965003474
9.81578947368421,11.583157894736841,27.455609738197936,3.583332219359975
9.81578947368421,12.635263157894736,27.461401797833815,3.5770362987776414
9.81578947368421,13.68736842105263,27.469350440612565,3.572577725868026
9.81578947368421,14.739473684210525,27.47871634369416,3.5636510894881956
9.81578947368421,15.79157894736842,27.489823704097375,3.5563996114613694
9.81578947368421,16.843684210526316,27.502780395018238,3.5489421706250965
9.81578947368421,17.89578947368421,27.515968232242273,3.522107587677442
9.81578947368421,18.947894736842105,27.532462665006346,3.4918551346837967
9.81578947368421,20.0,27.550246262481632,3.453514084097181
11.368421052631579,0.01,27.287269283344227,3.278563982678928
11.368421052631579,1.0621052631578947,27.31984957857653,3.2104546054300687
11.368421052631579,2.114210526315789,27.325164978406168,3.2064227440738446
11.368421052631579,3.1663157894736838,27.333266738085477,3.2039244503738407
11.368421052631579,4.218421052631578,27.339106676142464,3.2003165261958566
11.368421052631579,5.270526315789473,27.344255595044974,3.197071762805642
11.368421052631579,6.322631578947368,27.348458877763385,3.186618247701045
11.368421052631579,7.374736842105262,27.353332279346155,3.1789265814054724
11.368421052631579,8.426842105263157,27.35739064629949,3.175909571746194
11.368421052631579,9.478947368421052,27.36247149659122,3.1749006156529145
11.368421052631579,10.531052631578946,27.36725585130604,3.1731065354327512
11.368421052631579,11.583157894736841,27.370790974453453,3.1714044442213707
11.368421052631579,12.635263157894736,27.375272208755568,3.1714207022015497
11.368421052631579,13.68736842105263,27.37998891803193,3.1704493336519644
11.368421052631579,14.739473684210525,27.386021004370978,3.1687350732905295
11.368421052631579,15.79157894736842,27.394186042322264,3.1689861206129546
11.368421052631579,16.843684210526316,27.40510017621171,3.1601827335877406
11.368421052631579,17.89578947368421,27.41607595747153,3.1560715714671783
11.368421052631579,18.947894736842105,27.42494098167354,3.1490706101287405
11.368421052631579,20.0,27.44027471106532,3.129627528465501
12.921052631578947,0.01,27.228310591071075,2.947146700654196
12.921052631578947,1.0621052631578947,27.26405964937381,2.895541592577222
12.921052631578947,2.114210526315789,27.268040078252316,2.8946614630679934
12.921052631578947,3.1663157894736838,27.274431607406793,2.8921742921230784
12.921052631578947,4.218421052631578,27.281982400675183,2.8904733311530095
12.921052631578947,5.270526315789473,27.286632067396223,2.8881163386570208
12.921052631578947,6.322631578947368,27.29165518563376,2.8841447969049474
12.921052631578947,7.374736842105262,27.295459770526687,2.878109364610032
12.921052631578947,8.426842105263157,27.29854547248057,2.868334161144409
12.921052631578947,9.478947368421052,27.3026549393446,2.8695679475477243
12.921052631578947,10.531052631578946,27.306866986937074,2.869217982946731
12.921052631578947,11.583157894736841,27.311379783615653,2.8676608057498107
12.921052631578947,12.635263157894736,27.314501432677773,2.867471930448795
12.921052631578947,13.68736842105263,27.318453808499214,2.865645264795047
12.921052631578947,14.739473684210525,27.3223468829292,2.8654039566469782
12.921052631578947,15.79157894736842,27.327341891905434,2.8626523979112695
12.921052631578947,16.843684210526316,27.334286066962807,2.8599639914378248
12.921052631578947,17.89578947368421,27.343408498176448,2.855739338656865
12.921052631578947,18.947894736842105,27.35296570703107,2.8521588316720137
12.921052631578947,20.0,27.36165202001514,2.843218969478678
14.473684210526315,0.01,27.18800577326044,2.710936450650314
14.473684210526315,1.0621052631578947,27.219157184112774,2.641464146987482
14.473684210526315,2.114210526315789,27.223237645434203,2.638287920703619
14.473684210526315,3.1663157894736838,27.22769987625274,2.6360822168967624
14.473684210526315,4.218421052631578,27.234622359303795,2.6324158154637454
14.473684210526315,5.270526315789473,27.2386016058043,2.630048830448067
14.473684210526315,6.322631578947368,27.24317035913614,2.6286821277876404
14.473684210526315,7.374736842105262,27.247023108918263,2.621381128434208
14.473684210526315,8.426842105263157,27.25058478533361,2.618734757905222
14.473684210526315,9.478947368421052,27.25449006402375,2.6126623464728493
14.473684210526315,10.531052631578946,27.257857388838932,2.6116647774909794
14.473684210526315,11.583157894736841,27.260842173779253,2.6098086095240336
14.473684210526315,12.635263157894736,27.265504811207407,2.609886712025461
14.473684210526315,13.68736842105263,27.267445969531163,2.6058354846926535
14.473684210526315,14.739473684210525,27.2712755522626,2.6068795215583696
14.473684210526315,15.79157894736842,27.276064150061046,2.6044009843327
14.473684210526315,16.843684210526316,27.27985684438694,2.6051108047432656
14.473684210526315,17.89578947368421,27.286938424431543,2.602986122243789
14.473684210526315,18.947894736842105,27.292785957613226,2.6002255344622585
14.473684210526315,20.0,27.303348117962674,2.599243544543067
16.026315789473685,0.01,27.15506455701078,2.5031223144453882
16.026315789473685,1.0621052631578947,27.183244084828306,2.43893112359323
16.026315789473685,2.114210526315789,27.18789566267814,2.434892880106365
16.026315789473685,3.1663157894736838,27.192264852818216,2.4320286341433404
16.026315789473685,4.218421052631578,27.198263741749805,2.4307149528025764
16.026315789473685,5.270526315789473,27.202880882526294,2.4296067911667105
16.026315789473685,6.322631578947368,27.206445474379787,2.4274924491149985
16.026315789473685,7.374736842105262,27.210099016161177,2.424212306370949
16.026315789473685,8.426842105263157,27.21295014887948,2.416453585905809
16.026315789473685,9.478947368421052,27.21640811510145,2.412383346447583
16.026315789473685,10.531052631578946,27.220184955901388,2.40767918174124
16.026315789473685,11.583157894736841,27.22292749452321,2.40596220745441
16.026315789473685,12.635263157894736,27.226062519632983,2.4032246001985005
16.026315789473685,13.68736842105263,27.229317219968635,2.403664434494912
16.026315789473685,14.739473684210525,27.232987013053545,2.402910009273435
16.026315789473685,15.79157894736842,27.23539529393135,2.4005535976058257
16.026315789473685,16.843684210526316,27.23984858418677,2.4037732468810136
16.026315789473685,17.89578947368421,27.2441316042324,2.3994672686885044
16.026315789473685,18.947894736842105,27.250178617858513,2.4006007319702203
16.026315789473685,20.0,27.25590124841975,2.3977083124016643
17.57894736842105,0.01,27.128681361113536,2.3265646321030675
17.57894736842105,1.0621052631578947,27.156899705820962,2.2787104505469555
17.57894736842105,2.114210526315789,27.160638230412516,2.27229301923117
17.57894736842105,3.1663157894736838,27.16417048023095,2.2690343516006903
17.57894736842105,4.218421052631578,27.168923557941522,2.265377804929175
17.57894736842105,5.270526315789473,27.17541932086604,2.26709006832011
17.57894736842105,6.322631578947368,27.177796840908208,2.26155207440899
17.57894736842105,7.374736842105262,27.181825562822898,2.260332657938519
17.57894736842105,8.426842105263157,27.185262504916704,2.2562637014490736
17.57894736842105,9.478947368421052,27.18645219045294,2.2476570171467145
17.57894736842105,10.531052631578946,27.189231846412678,2.24101380015832
17.57894736842105,11.583157894736841,27.192242909104916,2.236902428442955
17.57894736842105,12.635263157894736,27.19500529523878,2.2361629886386236
17.57894736842105,13.68736842105263,27.197416180422458,2.2346481343130775
17.57894736842105,14.739473684210525,27.20053128747134,2.232819814484749
17.57894736842105,15.79157894736842,27.20423833688292,2.234314315017266
17.57894736842105,16.843684210526316,27.207567819513162,2.232788978475253
17.57894736842105,17.89578947368421,27.211271721084852,2.232299151771783
17.57894736842105,18.947894736842105,27.214878448330033,2.231487937394622
17.57894736842105,20.0,27.22136626680633,2.2307873065969486
19.13157894736842,0.01,27.106293891221444,2.1821668544013626
19.13157894736842,1.0621052631578947,27.136043694203607,2.1356239979739735
19.13157894736842,2.114210526315789,27.139555772439873,2.1340845788635763
19.13157894736842,3.1663157894736838,27.143317887009133,2.13139085123733
19.13157894736842,4.218421052631578,27.14752503293003,2.1289423700213472
19.13157894736842,5.270526315789473,27.15326024378045,2.126762589570663
19.13157894736842,6.322631578947368,27.156228888586732,2.123467383743305
19.13157894736842,7.374736842105262,27.16040775458379,2.1222415967022124
19.13157894736842,8.426842105263157,27.163654689733427,2.1176727284456853
19.13157894736842,9.478947368421052,27.165871192071045,2.1135178813610542
19.13157894736842,10.531052631578946,27.168173757360414,2.1082863192165346
19.13157894736842,11.583157894736841,27.170057751670367,2.1000358467383906
19.13157894736842,12.635263157894736,27.172018009939382,2.0988948749726677
19.13157894736842,13.68736842105263,27.1742460577482,2.0984434194988077
19.13157894736842,14.739473684210525,27.177344377371245,2.0969314145350912
19.13157894736842,15.79157894736842,27.17990502143929,2.095892562727919
19.13157894736842,16.843684210526316,27.183039041881422,2.095664836437977
19.13157894736842,17.89578947368421,27.185529858190055,2.093983633549362
19.13157894736842,18.947894736842105,27.18887280384688,2.094269281110195
19.13157894736842,20.0,27.192611327481167,2.0927106262524973
20.684210526315788,0.01,27.09034072315721,2.0637434014650347
20.684210526315788,1.0621052631578947,27.123296735869623,2.03359019736975
20.684210526315788,2.114210526315789,27.124701881627328,2.0192938782488734
20.684210526315788,3.1663157894736838,27.12822020332517,2.0165243220959637
20.684210526315788,4.218421052631578,27.132240456507525,2.014874462006999
20.684210526315788,5.270526315789473,27.1369838688914,2.013216681435587
20.684210526315788,6.322631578947368,27.14086366488118,2.0104602746097378
20.684210526315788,7.374736842105262,27.144761841742604,2.010880924524805
20.684210526315788,8.426842105263157,27.149029337243768,2.0084225112006027
20.684210526315788,9.478947368421052,27.15071020393524,2.0024703322913453
20.684210526315788,10.531052631578946,27.151963852331264,1.9965082751313146
20.684210526315788,11.583157894736841,27.154137434967005,1.9920601961874729
20.684210526315788,12.635263157894736,27.156677279239098,1.986169153191386
20.684210526315788,13.68736842105263,27.15845707127803,1.9841251601745935
20.684210526315788,14.739473684210525,27.160879884720774,1.9830867356330384
20.684210526315788,15.79157894736842,27.162765240266495,1.9833052684068209
20.684210526315788,16.843684210526316,27.165624590951065,1.9824124366743356
20.684210526315788,17.89578947368421,27.16786081818402,1.9811306726586209
20.684210526315788,18.947894736842105,27.170566758320803,1.9794250096669075
20.684210526315788,20.0,27.174472830705557,1.980449471786827
22.236842105263158,0.01,27.07641375261642,1.9568292760808292
22.236842105263158,1.0621052631578947,27.10919438822197,1.9280764811097861
22.236842105263158,2.114210526315789,27.11113619950641,1.9161236430403517
22.236842105263158,3.1663157894736838,27.113804297756456,1.9133383973517826
22.236842105263158,4.218421052631578,27.118316185275507,1.9127017108532651
22.236842105263158,5.270526315789473,27.121927270784482,1.9073321330707271
22.236842105263158,6.322631578947368,27.1268989256857,1.9096697116300687
22.236842105263158,7.374736842105262,27.129169913646603,1.905524030690381
22.236842105263158,8.426842105263157,27.133117323162473,1.9043134374789217
22.236842105263158,9.478947368421052,27.13541470356173,1.9027138256864307
22.236842105263158,10.531052631578946,27.138375911154107,1.8994012376979064
22.236842105263158,11.583157894736841,27.14113065752549,1.8958454509486078
22.236842105263158,12.635263157894736,27.142387173033924,1.8902070220117695
22.236842105263158,13.68736842105263,27.144368149078232,1.8875750567413696
22.236842105263158,14.739473684210525,27.146630444835896,1.8886804911307509
22.236842105263158,15.79157894736842,27.14883061625747,1.8841548534569652
22.236842105263158,16.843684210526316,27.150950439513945,1.8832105919684816
22.236842105263158,17.89578947368421,27.154175822395054,1.8855266211915245
22.236842105263158,18.947894736842105,27.156861088233775,1.8836645748120717
22.236842105263158,20.0,27.158884800997704,1.8800731086826394
23.789473684210524,0.01,27.068073955001037,1.870329219179162
23.789473684210524,1.0621052631578947,27.096637732831507,1.8328021400194239
23.789473684210524,2.114210526315789,27.100165799710638,1.8215593228579796
23.789473684210524,3.1663157894736838,27.102579311721637,1.8199124361388097
23.789473684210524,4.218421052631578,27.10522103416803,1.8183653812663847
23.789473684210524,5.270526315789473,27.10834856319872,1.8158805674084233
23.789473684210524,6.322631578947368,27.11327737911534,1.815702006930775
23.789473684210524,7.374736842105262,27.116915624625253,1.814663286827839
23.789473684210524,8.426842105263157,27.120397224722932,1.812809916843039
23.789473684210524,9.478947368421052,27.123935016044626,1.8111175854183426
23.789473684210524,10.531052631578946,27.12581601822053,1.8093882292820773
23.789473684210524,11.583157894736841,27.127641958601256,1.8054837274382063
23.789473684210524,12.635263157894736,27.12926893329745,1.8027825490765315
23.789473684210524,13.68736842105263,27.131207405907254,1.800298358739455
23.789473684210524,14.739473684210525,27.133179182040323,1.7971988486037593
23.789473684210524,15.79157894736842,27.134914086900196,1.7954947808243304
23.789473684210524,16.843684210526316,27.137238915542927,1.795549347044395
23.789473684210524,17.89578947368421,27.14020305615953,1.7937924721783072
23.789473684210524,18.947894736842105,27.142786112964583,1.7936003222830954
23.789473684210524,20.0,27.14622382481632,1.793862298650789
25.342105263157894,0.01,27.058902328206297,1.787154475915692
25.342105263157894,1.0621052631578947,27.08660095509881,1.7511238571410959
25.342105263157894,2.114210526315789,27.08952850405683,1.7383825053909507
25.342105263157894,3.1663157894736838,27.09194190346722,1.7369613356947866
25.342105263157894,4.218421052631578,27.094652412252405,1.735009093119011
25.342105263157894,5.270526315789473,27.098423950154068,1.7335756000351088
25.342105263157894,6.322631578947368,27.102568647959497,1.731900259394159
25.342105263157894,7.374736842105262,27.105464184338306,1.732466845431907
25.342105263157894,8.426842105263157,27.107929072763866,1.728548627100901
25.342105263157894,9.478947368421052,27.111001361883037,1.7285075162435048
25.342105263157894,10.531052631578946,27.113616455209677,1.7266915835932428
25.342105263157894,11.583157894736841,27.11631843738322,1.726508308893182
25.342105263157894,12.635263157894736,27.117460823988484,1.7219613465889738
25.342105263157894,13.68736842105263,27.119427176280812,1.7194961496390992
25.342105263157894,14.739473684210525,27.122016163405025,1.716518922069754
25.342105263157894,15.79157894736842,27.124039070071735,1.7155277804901725
25.342105263157894,16.843684210526316,27.126326166766102,1.713146891368278
25.342105263157894,17.89578947368421,27.128500169881356,1.7111957301487624
25.342105263157894,18.947894736842105,27.130804141024683,1.7100358044599029
25.342105263157894,20.0,27.133236915163845,1.709815527100983
26.894736842105264,0.01,27.05176495947665,1.7161180555606836
26.894736842105264,1.0621052631578947,27.08093228294586,1.682440145076447
26.894736842105264,2.114210526315789,27.082380941983267,1.666115651174055
26.894736842105264,3.1663157894736838,27.085462753847487,1.6642924611848409
26.894736842105264,4.218421052631578,27.08737681521005,1.6621665226374538
26.894736842105264,5.270526315789473,27.08986387328144,1.6609920050944693
26.894736842105264,6.322631578947368,27.093775806993,1.659853728696431
26.894736842105264,7.374736842105262,27.096920605889878,1.6585308000907295
26.894736842105264,8.426842105263157,27.0991271581606,1.655842881120323
26.894736842105264,9.478947368421052,27.10237399745762,1.6555744802200345
26.894736842105264,10.531052631578946,27.1041670723283,1.653912050493761
26.894736842105264,11.583157894736841,27.106407701569033,1.6521693321380593
26.894736842105264,12.635263157894736,27.10873686203927,1.6526902701013368
26.894736842105264,13.68736842105263,27.110722626165757,1.648953629470129
26.894736842105264,14.739473684210525,27.113050729750295,1.6481800374223698
26.894736842105264,15.79157894736842,27.114945946908513,1.6436288753071182
26.894736842105264,16.843684210526316,27.116930450147706,1.6418467493494404
26.894736842105264,17.89578947368421,27.119664421283556,1.641532810730073
26.894736842105264,18.947894736842105,27.121297386613232,1.6390890215825238
26.894736842105264,20.0,27.12398267391307,1.640068421505586
28.44736842105263,0.01,27.045257782256815,1.6529879314068407
28.44736842105263,1.0621052631578947,27.075605902628403,1.624527474854165
28.44736842105263,2.114210526315789,27.077218795826408,1.6072280128762995
28.44736842105263,3.1663157894736838,27.0793743569951,1.604043299398611
28.44736842105263,4.218421052631578,27.081219789907813,1.601474879679915
28.44736842105263,5.270526315789473,27.084795769123982,1.6015998251828034
28.44736842105263,6.322631578947368,27.08817487710926,1.5995209802653454
28.44736842105263,7.374736842105262,27.090597745594913,1.595439274101551
28.44736842105263,8.426842105263157,27.09411011685296,1.5945945380783477
28.44736842105263,9.478947368421052,27.096252945371536,1.5923499704172783
28.44736842105263,10.531052631578946,27.098372090974276,1.593508519563025
28.44736842105263,11.583157894736841,27.099551954106975,1.5894026891651647
28.44736842105263,12.635263157894736,27.10213473229702,1.5891226216675824
28.44736842105263,13.68736842105263,27.102744814375832,1.5847073947117096
28.44736842105263,14.739473684210525,27.104790971137593,1.5831389588129519
28.44736842105263,15.79157894736842,27.10674497558687,1.5816926423087907
28.44736842105263,16.843684210526316,27.109252300591923,1.5811185269344552
28.44736842105263,17.89578947368421,27.111011086571086,1.5792826642730073
28.44736842105263,18.947894736842105,27.113272313344517,1.5800272279073824
28.44736842105263,20.0,27.115530678146744,1.5785396312061384
30.0,0.01,27.038761617514613,1.594795891149281
30.0,1.0621052631578947,27.070908173756155,1.5716672538740872
30.0,2.114210526315789,27.07193998454888,1.5500372437381504
30.0,3.1663157894736838,27.074334866572254,1.5496169794045223
30.0,4.218421052631578,27.076350406678152,1.5466635050967292
30.0,5.270526315789473,27.078678032539873,1.5428038185411497
30.0,6.322631578947368,27.0821504486342,1.5440912540603646
30.0,7.374736842105262,27.085150556750005,1.5403144783193823
30.0,8.426842105263157,27.087452348214562,1.5400729564045479
30.0,9.478947368421052,27.089738943046015,1.5366091570164553
30.0,10.531052631578946,27.092369117536755,1.5374317419520334
30.0,11.583157894736841,27.09431900428927,1.5365566532740793
30.0,12.635263157894736,27.09632919520025,1.532441810274937
30.0,13.68736842105263,27.097474686450724,1.5308779651856896
30.0,14.739473684210525,27.099611404207025,1.5290664123224884
30.0,15.79157894736842,27.100635772693845,1.5234666995583623
30.0,16.843684210526316,27.10223117918012,1.5231938950534873
30.0,17.89578947368421,27.10483387142481,1.5207077187591511
30.0,18.947894736842105,27.106761050462943,1.5210649609539273
30.0,20.0,27.108282362330712,1.5214991809639755
